,num__area,num__bedrooms,num__bathrooms,num__stories,num__parking,cat__mainroad,cat__guestroom,cat__basement,cat__hotwaterheating,cat__airconditioning,cat__prefarea,cat__furnishingstatus,price
0,0.3965635738831615,0.6000000000000001,0.3333333333333333,0.6666666666666667,0.6666666666666666,1.0,0.0,0.0,0.0,1.0,1.0,0.0,13300000
1,0.5024054982817869,0.6000000000000001,1.0,1.0,1.0,1.0,0.0,0.0,0.0,1.0,0.0,0.0,12250000
2,0.5711340206185567,0.4000000000000001,0.3333333333333333,0.3333333333333333,0.6666666666666666,1.0,0.0,1.0,0.0,0.0,1.0,1.0,12250000
3,0.40206185567010305,0.6000000000000001,0.3333333333333333,0.3333333333333333,1.0,1.0,0.0,1.0,0.0,1.0,1.0,0.0,12215000
4,0.3965635738831615,0.6000000000000001,0.0,0.3333333333333333,0.6666666666666666,1.0,1.0,1.0,0.0,1.0,0.0,0.0,11410000
5,0.40206185567010305,0.4000000000000001,0.6666666666666667,0.0,0.6666666666666666,1.0,0.0,1.0,0.0,1.0,1.0,1.0,10850000
6,0.47628865979381435,0.6000000000000001,0.6666666666666667,1.0,0.6666666666666666,1.0,0.0,0.0,0.0,1.0,1.0,1.0,10150000
7,0.9999999999999998,0.8,0.6666666666666667,0.3333333333333333,0.0,1.0,0.0,0.0,0.0,0.0,0.0,2.0,10150000
8,0.4432989690721649,0.6000000000000001,0.0,0.3333333333333333,0.6666666666666666,1.0,1.0,1.0,0.0,1.0,1.0,0.0,9870000
9,0.281786941580756,0.4000000000000001,0.3333333333333333,1.0,0.3333333333333333,1.0,1.0,0.0,0.0,1.0,1.0,2.0,9800000
10,0.7938144329896906,0.4000000000000001,0.0,0.3333333333333333,0.6666666666666666,1.0,0.0,1.0,0.0,1.0,1.0,0.0,9800000
11,0.29896907216494845,0.6000000000000001,0.6666666666666667,0.3333333333333333,0.6666666666666666,1.0,1.0,1.0,1.0,0.0,0.0,1.0,9681000
12,0.3367697594501718,0.6000000000000001,0.3333333333333333,0.3333333333333333,0.3333333333333333,1.0,0.0,0.0,0.0,1.0,1.0,1.0,9310000
13,0.12714776632302405,0.6000000000000001,0.3333333333333333,0.3333333333333333,0.6666666666666666,1.0,0.0,0.0,1.0,0.0,0.0,0.0,9240000
14,0.422680412371134,0.4000000000000001,0.3333333333333333,0.3333333333333333,0.0,1.0,0.0,0.0,0.0,0.0,1.0,1.0,9240000
15,0.29896907216494845,0.6000000000000001,0.0,0.3333333333333333,0.6666666666666666,1.0,0.0,1.0,0.0,0.0,0.0,1.0,9100000
16,0.34020618556701027,0.6000000000000001,0.3333333333333333,0.3333333333333333,0.3333333333333333,1.0,1.0,1.0,0.0,1.0,1.0,2.0,9100000
17,0.4707903780068728,0.4000000000000001,0.3333333333333333,1.0,0.6666666666666666,1.0,0.0,0.0,0.0,1.0,0.0,0.0,8960000
18,0.2027491408934708,0.4000000000000001,0.3333333333333333,0.3333333333333333,0.6666666666666666,1.0,1.0,0.0,0.0,1.0,0.0,0.0,8890000
19,0.32783505154639175,0.4000000000000001,0.3333333333333333,0.3333333333333333,0.3333333333333333,1.0,0.0,0.0,0.0,1.0,1.0,1.0,8855000
20,0.18350515463917527,0.4000000000000001,0.0,0.3333333333333333,0.6666666666666666,1.0,0.0,1.0,1.0,0.0,0.0,1.0,8750000
21,0.3783505154639175,0.4000000000000001,0.3333333333333333,0.0,0.6666666666666666,1.0,1.0,1.0,0.0,1.0,0.0,2.0,8680000
22,0.4398625429553264,0.4000000000000001,0.0,0.0,0.3333333333333333,1.0,1.0,1.0,0.0,1.0,0.0,0.0,8645000
23,0.2,0.4000000000000001,0.3333333333333333,0.3333333333333333,0.3333333333333333,1.0,1.0,1.0,0.0,1.0,0.0,0.0,8645000
24,0.49140893470790376,0.4000000000000001,0.3333333333333333,0.3333333333333333,0.6666666666666666,1.0,0.0,0.0,0.0,1.0,0.0,0.0,8575000
25,0.3360824742268041,0.6000000000000001,0.3333333333333333,0.3333333333333333,0.6666666666666666,1.0,1.0,1.0,0.0,1.0,1.0,0.0,8540000
26,0.29896907216494845,0.4000000000000001,0.3333333333333333,1.0,0.0,1.0,1.0,1.0,0.0,1.0,1.0,1.0,8463000
27,0.49656357388316147,0.4000000000000001,0.0,0.0,0.3333333333333333,1.0,0.0,0.0,0.0,0.0,0.0,1.0,8400000
28,0.43298969072164945,0.8,0.3333333333333333,0.3333333333333333,0.6666666666666666,1.0,0.0,1.0,1.0,0.0,0.0,2.0,8400000
29,0.2646048109965636,0.6000000000000001,0.3333333333333333,0.3333333333333333,0.3333333333333333,1.0,0.0,1.0,0.0,1.0,1.0,1.0,8400000
30,0.4003436426116838,0.4000000000000001,0.3333333333333333,1.0,0.6666666666666666,1.0,0.0,0.0,0.0,1.0,0.0,2.0,8400000
31,0.3676975945017182,0.4000000000000001,0.0,1.0,0.6666666666666666,1.0,0.0,0.0,0.0,1.0,0.0,1.0,8400000
32,0.2219931271477663,0.6000000000000001,0.3333333333333333,0.3333333333333333,0.3333333333333333,1.0,0.0,0.0,0.0,1.0,1.0,0.0,8295000
33,0.29621993127147767,0.4000000000000001,0.6666666666666667,0.3333333333333333,0.3333333333333333,1.0,1.0,1.0,0.0,0.0,0.0,2.0,8190000
34,0.356701030927835,0.8,0.0,0.3333333333333333,0.3333333333333333,1.0,1.0,1.0,0.0,1.0,0.0,0.0,8120000
35,0.3676975945017182,0.4000000000000001,0.3333333333333333,1.0,0.6666666666666666,1.0,0.0,0.0,0.0,1.0,0.0,0.0,8080940
36,0.40082474226804116,0.4000000000000001,0.3333333333333333,0.6666666666666667,0.3333333333333333,1.0,0.0,0.0,1.0,0.0,1.0,0.0,8043000
37,0.5051546391752577,0.6000000000000001,0.3333333333333333,1.0,0.6666666666666666,1.0,0.0,0.0,0.0,1.0,0.0,0.0,7980000
38,0.29896907216494845,0.4000000000000001,0.0,1.0,0.6666666666666666,1.0,1.0,0.0,0.0,1.0,0.0,2.0,7962500
39,0.29896907216494845,0.6000000000000001,0.3333333333333333,1.0,0.3333333333333333,1.0,0.0,0.0,0.0,1.0,0.0,1.0,7910000
40,0.3367697594501718,0.4000000000000001,0.0,0.3333333333333333,0.0,1.0,0.0,1.0,0.0,1.0,1.0,0.0,7875000
41,0.3237113402061855,0.4000000000000001,0.3333333333333333,1.0,0.0,1.0,0.0,0.0,0.0,1.0,1.0,0.0,7840000
42,0.3319587628865979,0.4000000000000001,0.3333333333333333,1.0,0.6666666666666666,1.0,0.0,0.0,0.0,1.0,0.0,2.0,7700000
43,0.29896907216494845,0.6000000000000001,0.3333333333333333,1.0,0.6666666666666666,1.0,0.0,0.0,0.0,0.0,0.0,1.0,7700000
44,0.29896907216494845,0.6000000000000001,0.3333333333333333,1.0,0.3333333333333333,1.0,0.0,0.0,0.0,1.0,0.0,0.0,7560000
45,0.29896907216494845,0.4000000000000001,0.3333333333333333,0.6666666666666667,0.0,1.0,0.0,0.0,0.0,1.0,0.0,1.0,7560000
46,0.29896907216494845,0.4000000000000001,0.3333333333333333,1.0,0.3333333333333333,1.0,0.0,0.0,0.0,1.0,0.0,0.0,7525000
47,0.34020618556701027,0.4000000000000001,0.0,1.0,1.0,1.0,0.0,0.0,0.0,1.0,1.0,0.0,7490000
48,0.18213058419243983,0.4000000000000001,0.3333333333333333,0.3333333333333333,0.3333333333333333,1.0,0.0,1.0,0.0,0.0,0.0,2.0,7455000
49,0.3979381443298969,0.4000000000000001,0.3333333333333333,0.0,0.0,1.0,1.0,1.0,0.0,1.0,1.0,1.0,7420000
50,0.3979381443298969,0.4000000000000001,0.3333333333333333,1.0,0.3333333333333333,1.0,0.0,0.0,0.0,0.0,1.0,2.0,7420000
51,0.3213058419243986,0.4000000000000001,0.0,1.0,0.3333333333333333,1.0,0.0,0.0,0.0,1.0,0.0,2.0,7420000
52,0.29896907216494845,0.6000000000000001,0.3333333333333333,1.0,0.3333333333333333,1.0,1.0,0.0,0.0,1.0,0.0,0.0,7350000
53,0.24054982817869414,0.4000000000000001,0.3333333333333333,1.0,0.6666666666666666,1.0,0.0,0.0,0.0,1.0,0.0,1.0,7350000
54,0.29896907216494845,0.4000000000000001,0.3333333333333333,0.3333333333333333,0.3333333333333333,1.0,1.0,0.0,0.0,1.0,0.0,1.0,7350000
55,0.29896907216494845,0.4000000000000001,0.0,0.3333333333333333,0.3333333333333333,1.0,0.0,0.0,0.0,1.0,0.0,2.0,7350000
56,0.672852233676976,0.6000000000000001,0.0,0.3333333333333333,0.3333333333333333,1.0,0.0,1.0,0.0,0.0,1.0,1.0,7343000
57,0.5051546391752577,0.6000000000000001,0.3333333333333333,1.0,0.3333333333333333,1.0,1.0,0.0,0.0,1.0,1.0,0.0,7245000
58,0.41443298969072156,0.6000000000000001,0.3333333333333333,1.0,0.3333333333333333,1.0,1.0,0.0,0.0,1.0,0.0,1.0,7210000
59,0.29896907216494845,0.4000000000000001,0.3333333333333333,1.0,0.3333333333333333,1.0,1.0,0.0,0.0,1.0,0.0,0.0,7210000
60,0.29896907216494845,0.4000000000000001,0.3333333333333333,0.3333333333333333,0.3333333333333333,1.0,1.0,0.0,0.0,0.0,0.0,1.0,7140000
61,0.4969072164948453,0.2,0.0,0.0,0.3333333333333333,1.0,0.0,0.0,0.0,1.0,0.0,1.0,7070000
62,0.3154639175257732,0.6000000000000001,0.3333333333333333,0.3333333333333333,0.3333333333333333,1.0,0.0,0.0,0.0,1.0,0.0,0.0,7070000
63,0.3237113402061855,0.6000000000000001,0.3333333333333333,0.6666666666666667,0.6666666666666666,1.0,0.0,0.0,0.0,1.0,1.0,0.0,7035000
64,0.6546391752577319,0.4000000000000001,0.0,0.0,0.3333333333333333,1.0,0.0,1.0,0.0,1.0,1.0,0.0,7000000
65,0.4969072164948453,0.4000000000000001,0.3333333333333333,0.3333333333333333,0.3333333333333333,1.0,0.0,1.0,0.0,1.0,0.0,0.0,6930000
66,0.7938144329896906,0.2,0.0,0.0,0.3333333333333333,1.0,0.0,1.0,1.0,0.0,0.0,0.0,6930000
67,0.41580756013745707,0.4000000000000001,0.3333333333333333,0.0,0.6666666666666666,1.0,0.0,0.0,0.0,0.0,0.0,2.0,6895000
68,0.29896907216494845,0.4000000000000001,0.0,0.0,0.3333333333333333,1.0,0.0,0.0,0.0,1.0,0.0,0.0,6860000
69,0.7175257731958762,0.6000000000000001,0.3333333333333333,0.3333333333333333,0.6666666666666666,1.0,0.0,0.0,0.0,0.0,1.0,0.0,6790000
70,0.16151202749140892,0.4000000000000001,0.3333333333333333,0.3333333333333333,0.0,1.0,0.0,1.0,0.0,1.0,1.0,1.0,6790000
71,0.29896907216494845,0.6000000000000001,0.3333333333333333,1.0,0.0,1.0,0.0,0.0,0.0,1.0,0.0,2.0,6755000
72,0.2316151202749141,0.4000000000000001,0.0,1.0,0.0,1.0,0.0,0.0,0.0,1.0,1.0,2.0,6720000
73,0.34020618556701027,0.2,0.3333333333333333,1.0,0.0,1.0,0.0,1.0,0.0,0.0,1.0,0.0,6685000
74,0.1642611683848797,0.4000000000000001,0.0,0.3333333333333333,0.3333333333333333,1.0,0.0,1.0,1.0,0.0,0.0,0.0,6650000
75,0.17938144329896905,0.6000000000000001,0.3333333333333333,0.3333333333333333,0.0,1.0,0.0,0.0,1.0,0.0,0.0,1.0,6650000
76,0.32783505154639175,0.4000000000000001,0.3333333333333333,0.6666666666666667,0.0,1.0,0.0,0.0,0.0,1.0,1.0,0.0,6650000
77,0.3333333333333333,0.4000000000000001,0.3333333333333333,0.6666666666666667,0.0,1.0,0.0,0.0,0.0,1.0,1.0,0.0,6650000
78,0.2783505154639175,0.4000000000000001,0.0,0.0,0.6666666666666666,1.0,1.0,1.0,0.0,1.0,1.0,0.0,6650000
79,0.29896907216494845,0.4000000000000001,0.3333333333333333,0.6666666666666667,0.0,1.0,1.0,0.0,0.0,1.0,0.0,0.0,6650000
80,0.29896907216494845,0.4000000000000001,0.0,0.3333333333333333,0.3333333333333333,1.0,0.0,0.0,1.0,0.0,1.0,1.0,6629000
81,0.16151202749140892,0.4000000000000001,0.3333333333333333,0.3333333333333333,0.3333333333333333,1.0,0.0,1.0,0.0,1.0,0.0,1.0,6615000
82,0.6082474226804124,0.4000000000000001,0.3333333333333333,0.0,0.3333333333333333,1.0,0.0,1.0,0.0,1.0,1.0,0.0,6615000
83,0.29896907216494845,0.4000000000000001,0.3333333333333333,1.0,0.0,1.0,0.0,0.0,0.0,1.0,0.0,1.0,6580000
84,0.14501718213058418,0.4000000000000001,0.0,0.3333333333333333,0.6666666666666666,1.0,0.0,0.0,1.0,0.0,0.0,1.0,6510000
85,0.4536082474226804,0.4000000000000001,0.3333333333333333,0.6666666666666667,0.0,1.0,0.0,0.0,0.0,1.0,0.0,0.0,6510000
86,0.3450171821305842,0.4000000000000001,0.0,0.6666666666666667,0.0,1.0,0.0,1.0,0.0,0.0,1.0,2.0,6510000
87,0.15876288659793814,0.4000000000000001,0.0,0.0,0.6666666666666666,1.0,0.0,1.0,0.0,0.0,0.0,1.0,6475000
88,0.3958762886597938,0.4000000000000001,0.0,0.0,0.6666666666666666,1.0,1.0,1.0,0.0,1.0,1.0,2.0,6475000
89,0.47628865979381435,0.8,0.6666666666666667,0.3333333333333333,0.6666666666666666,1.0,0.0,0.0,0.0,0.0,0.0,0.0,6440000
90,0.23024054982817865,0.4000000000000001,0.0,0.3333333333333333,0.0,1.0,0.0,0.0,0.0,1.0,0.0,1.0,6440000
91,0.35051546391752575,0.2,0.0,0.0,0.6666666666666666,1.0,1.0,1.0,0.0,0.0,1.0,0.0,6419000
92,0.21649484536082475,0.4000000000000001,0.3333333333333333,1.0,0.0,1.0,1.0,0.0,0.0,1.0,0.0,0.0,6405000
93,0.38144329896907214,0.4000000000000001,0.3333333333333333,0.0,1.0,1.0,0.0,1.0,0.0,1.0,0.0,1.0,6300000
94,0.29896907216494845,0.6000000000000001,0.3333333333333333,1.0,0.3333333333333333,1.0,0.0,0.0,0.0,0.0,0.0,1.0,6300000
95,0.16838487972508592,0.4000000000000001,0.3333333333333333,0.6666666666666667,0.6666666666666666,1.0,0.0,0.0,0.0,1.0,0.0,1.0,6300000
96,0.5051546391752577,0.4000000000000001,0.0,0.0,0.3333333333333333,1.0,0.0,1.0,0.0,0.0,1.0,0.0,6300000
97,0.32646048109965636,0.4000000000000001,0.0,0.0,0.3333333333333333,1.0,1.0,1.0,0.0,1.0,1.0,1.0,6300000
98,0.34020618556701027,0.4000000000000001,0.3333333333333333,0.6666666666666667,0.0,1.0,0.0,0.0,0.0,1.0,1.0,2.0,6293000
99,0.29896907216494845,0.6000000000000001,0.0,0.6666666666666667,0.0,1.0,1.0,1.0,0.0,0.0,1.0,2.0,6265000
100,0.34020618556701027,0.4000000000000001,0.3333333333333333,0.0,0.0,1.0,0.0,1.0,0.0,1.0,1.0,2.0,6230000
101,0.2646048109965636,0.4000000000000001,0.0,0.6666666666666667,0.3333333333333333,1.0,0.0,0.0,0.0,0.0,1.0,2.0,6230000
102,0.2646048109965636,0.4000000000000001,0.3333333333333333,1.0,0.3333333333333333,1.0,1.0,0.0,0.0,1.0,0.0,1.0,6195000
103,0.32302405498281783,0.4000000000000001,0.3333333333333333,0.6666666666666667,0.0,1.0,1.0,0.0,0.0,1.0,0.0,0.0,6195000
104,0.2646048109965636,0.4000000000000001,0.3333333333333333,0.0,0.6666666666666666,1.0,1.0,1.0,0.0,0.0,1.0,0.0,6195000
105,0.19587628865979378,0.4000000000000001,0.0,1.0,0.0,1.0,0.0,0.0,0.0,1.0,0.0,2.0,6160000
106,0.26116838487972505,0.6000000000000001,0.3333333333333333,0.0,0.0,1.0,0.0,1.0,0.0,1.0,1.0,1.0,6160000
107,0.32783505154639175,0.4000000000000001,0.0,0.6666666666666667,0.0,1.0,0.0,1.0,0.0,0.0,1.0,2.0,6125000
108,0.10927835051546392,0.6000000000000001,0.0,0.6666666666666667,0.3333333333333333,1.0,0.0,0.0,0.0,0.0,0.0,1.0,6107500
109,0.3412371134020618,0.6000000000000001,0.3333333333333333,0.3333333333333333,0.3333333333333333,1.0,1.0,0.0,1.0,0.0,0.0,1.0,6090000
110,0.34020618556701027,0.4000000000000001,0.0,0.0,0.6666666666666666,1.0,1.0,1.0,0.0,0.0,1.0,1.0,6090000
111,0.46199312714776625,0.4000000000000001,0.0,0.6666666666666667,0.6666666666666666,1.0,0.0,0.0,0.0,1.0,0.0,2.0,6090000
112,0.18213058419243983,1.0000000000000002,0.3333333333333333,0.3333333333333333,0.0,1.0,0.0,0.0,0.0,0.0,0.0,0.0,6083000
113,0.547766323024055,0.4000000000000001,0.0,0.0,0.6666666666666666,1.0,0.0,1.0,0.0,0.0,1.0,0.0,6083000
114,0.3539518900343642,0.2,0.0,0.0,0.6666666666666666,1.0,1.0,1.0,0.0,0.0,0.0,0.0,6020000
115,0.4364261168384879,0.4000000000000001,0.0,0.0,0.6666666666666666,1.0,1.0,1.0,0.0,1.0,1.0,1.0,6020000
116,0.36082474226804123,0.4000000000000001,0.3333333333333333,0.0,0.0,1.0,1.0,1.0,0.0,0.0,1.0,2.0,6020000
117,0.140893470790378,0.6000000000000001,0.0,0.3333333333333333,0.0,1.0,1.0,0.0,0.0,1.0,0.0,0.0,5950000
118,0.32783505154639175,0.4000000000000001,0.0,0.0,0.0,1.0,0.0,1.0,0.0,1.0,1.0,0.0,5950000
119,0.3690721649484536,0.4000000000000001,0.0,0.0,0.6666666666666666,1.0,0.0,1.0,0.0,1.0,1.0,1.0,5950000
120,0.3360824742268041,0.4000000000000001,0.0,0.0,0.6666666666666666,1.0,1.0,1.0,0.0,0.0,1.0,0.0,5950000
121,0.383573883161512,0.4000000000000001,0.0,0.3333333333333333,0.0,1.0,1.0,1.0,0.0,1.0,1.0,1.0,5950000
122,0.3164261168384879,0.6000000000000001,0.3333333333333333,0.0,0.3333333333333333,1.0,0.0,1.0,0.0,0.0,1.0,1.0,5950000
123,0.38969072164948454,0.6000000000000001,0.3333333333333333,0.3333333333333333,0.0,1.0,0.0,0.0,0.0,0.0,0.0,0.0,5950000
124,0.33505154639175255,0.4000000000000001,0.3333333333333333,1.0,0.3333333333333333,1.0,0.0,0.0,0.0,0.0,0.0,0.0,5950000
125,0.9587628865979381,0.4000000000000001,0.0,0.0,0.6666666666666666,1.0,0.0,0.0,0.0,1.0,0.0,1.0,5943000
126,0.37869415807560136,0.4000000000000001,0.0,0.0,0.6666666666666666,1.0,0.0,1.0,0.0,0.0,1.0,2.0,5880000
127,0.3333333333333333,0.4000000000000001,0.3333333333333333,0.6666666666666667,0.0,1.0,0.0,0.0,0.0,1.0,0.0,2.0,5880000
128,0.2646048109965636,0.4000000000000001,0.0,0.6666666666666667,0.3333333333333333,1.0,1.0,0.0,0.0,1.0,0.0,0.0,5873000
129,0.6742268041237114,0.4000000000000001,0.0,0.6666666666666667,0.6666666666666666,1.0,0.0,0.0,0.0,0.0,1.0,1.0,5873000
130,0.21649484536082475,0.4000000000000001,0.0,0.0,0.0,1.0,1.0,1.0,0.0,0.0,0.0,2.0,5866000
131,0.287147766323024,0.6000000000000001,0.0,1.0,0.0,1.0,1.0,0.0,0.0,0.0,0.0,1.0,5810000
132,0.2439862542955326,0.4000000000000001,0.0,0.6666666666666667,0.0,1.0,0.0,0.0,0.0,1.0,0.0,1.0,5810000
133,0.21649484536082475,0.4000000000000001,0.0,0.6666666666666667,0.0,1.0,0.0,0.0,0.0,1.0,0.0,2.0,5810000
134,0.3676975945017182,0.4000000000000001,0.0,0.0,0.6666666666666666,1.0,0.0,1.0,0.0,0.0,1.0,1.0,5803000
135,0.29896907216494845,0.4000000000000001,0.3333333333333333,1.0,0.0,1.0,0.0,0.0,0.0,1.0,0.0,2.0,5775000
136,0.25773195876288657,0.6000000000000001,0.3333333333333333,0.3333333333333333,0.6666666666666666,1.0,0.0,0.0,0.0,1.0,0.0,2.0,5740000
137,0.20549828178694157,0.6000000000000001,0.0,0.3333333333333333,0.3333333333333333,1.0,0.0,0.0,0.0,0.0,0.0,1.0,5740000
138,0.23024054982817865,0.4000000000000001,0.0,0.6666666666666667,0.0,1.0,0.0,0.0,0.0,1.0,0.0,1.0,5740000
139,0.3237113402061855,0.4000000000000001,0.0,0.0,0.6666666666666666,1.0,1.0,1.0,0.0,1.0,1.0,0.0,5740000
140,0.2852233676975945,0.4000000000000001,0.3333333333333333,1.0,0.0,1.0,0.0,0.0,0.0,1.0,0.0,2.0,5740000
141,0.3443298969072165,0.6000000000000001,0.3333333333333333,0.3333333333333333,0.3333333333333333,1.0,1.0,1.0,0.0,0.0,1.0,1.0,5652500
142,0.6082474226804124,0.6000000000000001,0.3333333333333333,0.3333333333333333,0.3333333333333333,1.0,0.0,0.0,0.0,0.0,0.0,1.0,5600000
143,0.21649484536082475,0.8,0.3333333333333333,0.6666666666666667,0.0,0.0,0.0,1.0,1.0,0.0,0.0,2.0,5600000
144,0.20962199312714774,0.6000000000000001,0.0,0.3333333333333333,0.3333333333333333,1.0,1.0,1.0,0.0,1.0,0.0,0.0,5600000
145,0.23024054982817865,0.4000000000000001,0.0,1.0,0.0,1.0,0.0,0.0,0.0,0.0,0.0,0.0,5600000
146,0.6082474226804124,0.2,0.0,0.0,0.3333333333333333,1.0,0.0,0.0,0.0,0.0,0.0,1.0,5600000
147,0.2646048109965636,0.4000000000000001,0.3333333333333333,0.3333333333333333,0.3333333333333333,1.0,0.0,0.0,0.0,0.0,0.0,1.0,5600000
148,0.3237113402061855,0.4000000000000001,0.0,0.6666666666666667,0.0,1.0,0.0,0.0,0.0,0.0,1.0,1.0,5600000
149,0.34020618556701027,0.6000000000000001,0.3333333333333333,0.0,0.0,1.0,0.0,1.0,0.0,0.0,1.0,1.0,5600000
150,0.23958762886597934,0.4000000000000001,0.0,0.3333333333333333,0.0,1.0,1.0,1.0,0.0,1.0,1.0,2.0,5600000
151,0.18900343642611683,0.6000000000000001,0.0,0.3333333333333333,0.6666666666666666,1.0,0.0,0.0,0.0,1.0,1.0,1.0,5565000
152,0.25773195876288657,0.8,0.0,0.3333333333333333,0.0,1.0,1.0,1.0,0.0,1.0,1.0,0.0,5565000
153,0.11340206185567009,0.4000000000000001,0.6666666666666667,0.3333333333333333,0.0,1.0,0.0,1.0,0.0,0.0,0.0,1.0,5530000
154,0.13745704467353953,0.4000000000000001,0.3333333333333333,0.3333333333333333,0.6666666666666666,1.0,0.0,0.0,0.0,0.0,0.0,1.0,5530000
155,0.3058419243986254,0.4000000000000001,0.3333333333333333,0.0,0.6666666666666666,1.0,0.0,1.0,0.0,0.0,1.0,0.0,5530000
156,0.36082474226804123,0.4000000000000001,0.0,0.0,0.0,1.0,1.0,1.0,0.0,0.0,1.0,1.0,5523000
157,0.08020618556701031,0.6000000000000001,0.3333333333333333,0.3333333333333333,0.3333333333333333,0.0,1.0,1.0,0.0,0.0,0.0,0.0,5495000
158,0.43505154639175253,0.4000000000000001,0.0,0.0,0.6666666666666666,1.0,0.0,0.0,0.0,0.0,0.0,1.0,5495000
159,0.10309278350515463,0.4000000000000001,0.3333333333333333,0.0,0.0,1.0,1.0,1.0,0.0,1.0,0.0,0.0,5460000
160,0.3134020618556701,0.6000000000000001,0.0,1.0,0.0,1.0,1.0,0.0,0.0,1.0,0.0,0.0,5460000
161,0.3058419243986254,0.4000000000000001,0.0,0.6666666666666667,0.0,1.0,1.0,0.0,0.0,1.0,1.0,1.0,5460000
162,0.34020618556701027,0.6000000000000001,0.3333333333333333,0.3333333333333333,0.0,1.0,1.0,1.0,0.0,0.0,1.0,1.0,5460000
163,0.35567010309278346,0.4000000000000001,0.0,0.0,0.0,1.0,1.0,1.0,0.0,1.0,1.0,1.0,5425000
164,0.34776632302405497,0.4000000000000001,0.3333333333333333,0.3333333333333333,0.3333333333333333,1.0,1.0,1.0,0.0,0.0,1.0,0.0,5390000
165,0.32989690721649484,0.4000000000000001,0.3333333333333333,0.0,0.0,1.0,1.0,1.0,1.0,0.0,0.0,2.0,5383000
166,0.422680412371134,0.4000000000000001,0.0,0.0,0.6666666666666666,1.0,0.0,1.0,0.0,1.0,1.0,2.0,5320000
167,0.2027491408934708,0.2,0.3333333333333333,0.0,0.6666666666666666,1.0,0.0,0.0,0.0,1.0,0.0,1.0,5285000
168,0.17938144329896905,0.6000000000000001,0.0,0.3333333333333333,0.0,1.0,0.0,1.0,0.0,1.0,0.0,0.0,5250000
169,0.3360824742268041,0.6000000000000001,0.3333333333333333,0.3333333333333333,0.0,0.0,0.0,0.0,0.0,1.0,0.0,1.0,5250000
170,0.2646048109965636,0.4000000000000001,0.3333333333333333,0.0,0.0,1.0,0.0,1.0,0.0,0.0,0.0,1.0,5250000
171,0.5923711340206186,0.4000000000000001,0.0,0.0,0.3333333333333333,1.0,0.0,0.0,0.0,0.0,1.0,1.0,5250000
172,0.46391752577319584,0.4000000000000001,0.0,0.3333333333333333,0.6666666666666666,1.0,1.0,1.0,0.0,1.0,1.0,2.0,5250000
173,0.2508591065292096,0.6000000000000001,0.3333333333333333,0.0,0.0,1.0,0.0,0.0,0.0,1.0,1.0,2.0,5250000
174,0.14776632302405496,0.4000000000000001,0.0,0.3333333333333333,0.3333333333333333,1.0,1.0,1.0,0.0,0.0,1.0,2.0,5250000
175,0.5601374570446735,0.6000000000000001,0.3333333333333333,0.3333333333333333,0.6666666666666666,1.0,1.0,0.0,0.0,0.0,0.0,1.0,5250000
176,0.4721649484536082,0.4000000000000001,0.0,0.0,0.6666666666666666,1.0,0.0,0.0,0.0,1.0,0.0,0.0,5250000
177,0.3024054982817869,0.4000000000000001,0.0,0.0,0.0,1.0,0.0,1.0,0.0,0.0,1.0,1.0,5243000
178,0.3735395189003436,0.4000000000000001,0.0,0.0,0.6666666666666666,1.0,1.0,1.0,0.0,0.0,1.0,1.0,5229000
179,0.10515463917525772,0.4000000000000001,0.3333333333333333,0.3333333333333333,0.6666666666666666,1.0,0.0,0.0,0.0,0.0,0.0,1.0,5215000
180,0.19587628865979378,0.6000000000000001,0.3333333333333333,0.0,0.6666666666666666,0.0,0.0,1.0,0.0,1.0,0.0,1.0,5215000
181,0.38144329896907214,0.4000000000000001,0.0,0.3333333333333333,0.3333333333333333,1.0,1.0,1.0,0.0,0.0,1.0,0.0,5215000
182,0.12096219931271476,0.4000000000000001,0.0,0.3333333333333333,0.0,0.0,0.0,0.0,0.0,1.0,0.0,1.0,5145000
183,0.43505154639175253,0.4000000000000001,0.0,0.0,0.3333333333333333,1.0,0.0,0.0,0.0,0.0,1.0,1.0,5145000
184,0.09278350515463918,0.4000000000000001,0.3333333333333333,0.3333333333333333,0.0,1.0,1.0,1.0,0.0,0.0,0.0,0.0,5110000
185,0.09278350515463918,0.4000000000000001,0.0,0.3333333333333333,0.0,1.0,0.0,1.0,0.0,0.0,0.0,2.0,5110000
186,0.6707903780068729,0.2,0.0,0.3333333333333333,0.0,1.0,0.0,0.0,0.0,0.0,1.0,0.0,5110000
187,0.3058419243986254,0.4000000000000001,0.0,0.0,0.0,1.0,0.0,1.0,0.0,1.0,1.0,1.0,5110000
188,0.2797250859106529,0.2,0.0,0.3333333333333333,0.0,1.0,0.0,0.0,0.0,1.0,1.0,2.0,5075000
189,0.12989690721649483,0.2,0.0,0.0,0.0,0.0,1.0,1.0,0.0,0.0,0.0,1.0,5040000
190,0.40893470790378,0.6000000000000001,0.0,0.3333333333333333,0.6666666666666666,1.0,0.0,0.0,0.0,1.0,0.0,0.0,5040000
191,0.6219931271477663,0.4000000000000001,0.0,0.3333333333333333,0.0,1.0,1.0,1.0,0.0,0.0,0.0,1.0,5040000
192,0.34020618556701027,0.4000000000000001,0.0,0.0,0.0,1.0,1.0,1.0,0.0,0.0,1.0,0.0,5040000
193,0.21649484536082475,0.2,0.0,0.0,0.0,1.0,1.0,1.0,0.0,0.0,0.0,1.0,5033000
194,0.44673539518900346,0.4000000000000001,0.3333333333333333,0.0,0.0,1.0,1.0,1.0,0.0,0.0,0.0,1.0,5005000
195,0.18969072164948453,0.6000000000000001,0.6666666666666667,0.3333333333333333,0.6666666666666666,1.0,0.0,1.0,0.0,0.0,0.0,1.0,4970000
196,0.41484536082474227,0.4000000000000001,0.0,0.0,0.0,1.0,1.0,1.0,1.0,0.0,0.0,1.0,4970000
197,0.07903780068728522,0.4000000000000001,0.3333333333333333,0.3333333333333333,0.3333333333333333,0.0,0.0,1.0,0.0,1.0,0.0,1.0,4956000
198,0.2953951890034364,0.4000000000000001,0.0,0.3333333333333333,0.0,1.0,0.0,0.0,0.0,1.0,0.0,1.0,4935000
199,0.17525773195876287,0.4000000000000001,0.0,0.3333333333333333,0.3333333333333333,1.0,0.0,0.0,0.0,0.0,0.0,0.0,4907000
200,0.19725085910652917,0.4000000000000001,0.0,0.3333333333333333,0.0,1.0,0.0,1.0,0.0,1.0,0.0,1.0,4900000
201,0.16804123711340208,0.4000000000000001,0.0,0.3333333333333333,0.0,0.0,1.0,1.0,0.0,1.0,0.0,1.0,4900000
202,0.1697594501718213,0.2,0.0,0.0,0.3333333333333333,1.0,0.0,1.0,0.0,0.0,0.0,1.0,4900000
203,0.25773195876288657,0.6000000000000001,0.0,0.3333333333333333,0.0,1.0,0.0,0.0,0.0,0.0,0.0,1.0,4900000
204,0.2144329896907216,0.4000000000000001,0.0,0.0,0.0,1.0,1.0,1.0,0.0,0.0,0.0,1.0,4900000
205,0.31958762886597936,0.4000000000000001,0.0,0.0,0.6666666666666666,1.0,0.0,0.0,0.0,1.0,0.0,1.0,4900000
206,0.2852233676975945,0.2,0.0,0.0,0.0,1.0,1.0,1.0,0.0,1.0,0.0,1.0,4900000
207,0.09278350515463918,0.4000000000000001,0.0,0.3333333333333333,0.0,1.0,0.0,1.0,0.0,1.0,0.0,1.0,4900000
208,0.0907216494845361,0.4000000000000001,0.0,0.6666666666666667,0.0,1.0,0.0,0.0,0.0,0.0,0.0,1.0,4900000
209,0.34845360824742266,0.4000000000000001,0.0,0.0,0.0,1.0,0.0,0.0,0.0,0.0,0.0,2.0,4900000
210,0.20591065292096217,0.4000000000000001,0.0,0.3333333333333333,0.6666666666666666,1.0,1.0,1.0,0.0,0.0,0.0,1.0,4900000
211,0.7731958762886597,0.4000000000000001,0.0,0.0,0.6666666666666666,1.0,0.0,0.0,0.0,0.0,0.0,0.0,4900000
212,0.12164948453608246,0.6000000000000001,0.3333333333333333,0.3333333333333333,0.6666666666666666,1.0,0.0,1.0,0.0,1.0,0.0,1.0,4893000
213,0.2298969072164948,0.6000000000000001,0.3333333333333333,0.0,0.0,1.0,0.0,1.0,0.0,0.0,0.0,1.0,4893000
214,0.18556701030927836,0.2,0.0,0.0,0.0,1.0,0.0,1.0,0.0,0.0,0.0,2.0,4865000
215,0.1725085910652921,0.4000000000000001,0.0,0.6666666666666667,0.0,1.0,0.0,0.0,0.0,0.0,0.0,2.0,4830000
216,0.3017182130584192,0.4000000000000001,0.0,0.0,0.6666666666666666,1.0,0.0,0.0,0.0,0.0,1.0,1.0,4830000
217,0.35821305841924395,0.4000000000000001,0.0,0.3333333333333333,0.6666666666666666,1.0,0.0,0.0,0.0,1.0,1.0,0.0,4830000
218,0.2175257731958763,0.2,0.0,0.0,0.0,1.0,0.0,0.0,0.0,1.0,1.0,1.0,4830000
219,0.3676975945017182,0.4000000000000001,0.0,0.3333333333333333,0.0,1.0,0.0,1.0,0.0,0.0,0.0,2.0,4795000
220,0.4432989690721649,0.6000000000000001,0.0,1.0,0.6666666666666666,1.0,0.0,1.0,0.0,1.0,0.0,1.0,4795000
221,0.12164948453608246,0.6000000000000001,0.3333333333333333,0.3333333333333333,0.0,1.0,0.0,0.0,0.0,0.0,0.0,1.0,4767000
222,0.5165635738831615,0.2,0.0,0.0,0.6666666666666666,1.0,0.0,1.0,0.0,1.0,0.0,1.0,4760000
223,0.32103092783505155,0.4000000000000001,0.0,0.3333333333333333,0.3333333333333333,1.0,0.0,1.0,0.0,1.0,0.0,0.0,4760000
224,0.5903780068728521,0.2,0.0,0.0,0.6666666666666666,1.0,0.0,0.0,0.0,1.0,1.0,2.0,4760000
225,0.32920962199312714,0.2,0.0,0.0,1.0,1.0,0.0,0.0,0.0,1.0,0.0,1.0,4753000
226,0.24192439862542953,0.4000000000000001,0.0,1.0,0.0,1.0,0.0,0.0,0.0,1.0,0.0,1.0,4690000
227,0.29896907216494845,0.2,0.0,0.0,0.3333333333333333,1.0,0.0,1.0,0.0,1.0,0.0,0.0,4690000
228,0.1360824742268041,0.4000000000000001,0.0,0.3333333333333333,0.6666666666666666,1.0,0.0,0.0,0.0,0.0,0.0,1.0,4690000
229,0.5509965635738832,0.6000000000000001,0.3333333333333333,0.3333333333333333,0.3333333333333333,1.0,1.0,1.0,0.0,0.0,0.0,1.0,4690000
230,0.25773195876288657,0.2,0.0,0.3333333333333333,0.0,1.0,0.0,0.0,0.0,0.0,1.0,1.0,4690000
231,0.18350515463917527,0.4000000000000001,0.0,0.0,0.0,1.0,0.0,0.0,0.0,0.0,1.0,1.0,4690000
232,0.14398625429553263,0.4000000000000001,0.0,0.3333333333333333,0.0,1.0,0.0,1.0,0.0,0.0,0.0,0.0,4655000
233,0.1725085910652921,0.4000000000000001,0.0,0.0,0.0,1.0,1.0,1.0,0.0,1.0,0.0,2.0,4620000
234,0.15326460481099657,0.4000000000000001,0.3333333333333333,0.3333333333333333,0.6666666666666666,1.0,0.0,1.0,0.0,0.0,0.0,1.0,4620000
235,0.2769759450171821,0.4000000000000001,0.0,0.3333333333333333,0.3333333333333333,1.0,1.0,0.0,0.0,1.0,0.0,1.0,4620000
236,0.08384879725085911,0.2,0.0,0.3333333333333333,0.0,1.0,1.0,1.0,0.0,0.0,1.0,1.0,4620000
237,0.2309278350515464,0.4000000000000001,0.0,0.3333333333333333,0.0,1.0,0.0,1.0,0.0,0.0,0.0,1.0,4620000
238,0.19656357388316148,0.6000000000000001,0.3333333333333333,0.3333333333333333,0.0,1.0,0.0,1.0,0.0,0.0,0.0,1.0,4613000
239,0.16151202749140892,0.4000000000000001,0.0,0.3333333333333333,0.3333333333333333,1.0,0.0,0.0,0.0,0.0,0.0,0.0,4585000
240,0.15051546391752574,0.4000000000000001,0.0,0.3333333333333333,0.3333333333333333,1.0,0.0,0.0,0.0,0.0,1.0,1.0,4585000
241,0.14501718213058418,0.4000000000000001,0.0,0.0,0.6666666666666666,1.0,0.0,0.0,0.0,0.0,0.0,1.0,4550000
242,0.13676975945017184,0.4000000000000001,0.0,0.3333333333333333,0.0,1.0,0.0,0.0,0.0,1.0,0.0,0.0,4550000
243,0.061855670103092786,0.4000000000000001,0.0,0.3333333333333333,0.0,1.0,0.0,1.0,0.0,0.0,0.0,0.0,4550000
244,0.252233676975945,0.4000000000000001,0.0,0.3333333333333333,0.0,1.0,1.0,1.0,0.0,0.0,1.0,1.0,4550000
245,0.2549828178694158,0.4000000000000001,0.0,0.3333333333333333,0.6666666666666666,1.0,0.0,0.0,0.0,0.0,1.0,2.0,4550000
246,0.12852233676975944,0.4000000000000001,0.0,0.0,0.0,1.0,0.0,0.0,0.0,0.0,1.0,1.0,4550000
247,0.46391752577319584,0.6000000000000001,0.0,1.0,1.0,1.0,0.0,0.0,0.0,0.0,0.0,2.0,4550000
248,0.16838487972508592,0.2,0.3333333333333333,0.0,0.0,1.0,1.0,1.0,0.0,0.0,0.0,1.0,4543000
249,0.22955326460481096,0.6000000000000001,0.3333333333333333,0.3333333333333333,0.0,1.0,1.0,1.0,0.0,0.0,1.0,0.0,4543000
250,0.12783505154639174,0.4000000000000001,0.0,0.6666666666666667,0.0,1.0,0.0,0.0,0.0,0.0,0.0,1.0,4515000
251,0.12371134020618557,0.4000000000000001,0.0,0.3333333333333333,0.3333333333333333,1.0,0.0,1.0,0.0,0.0,0.0,1.0,4515000
252,0.5642611683848797,0.4000000000000001,0.0,0.0,0.0,1.0,0.0,0.0,0.0,0.0,0.0,1.0,4515000
253,0.12852233676975944,0.2,0.0,0.3333333333333333,0.0,1.0,0.0,0.0,0.0,0.0,1.0,0.0,4515000
254,0.19656357388316148,0.6000000000000001,0.0,0.3333333333333333,0.6666666666666666,1.0,0.0,0.0,0.0,1.0,0.0,1.0,4480000
255,0.2910652920962199,0.2,0.0,0.0,0.3333333333333333,1.0,0.0,0.0,0.0,1.0,0.0,2.0,4480000
256,0.16151202749140892,0.4000000000000001,0.0,0.3333333333333333,0.6666666666666666,1.0,0.0,0.0,0.0,0.0,0.0,0.0,4480000
257,0.4536082474226804,0.4000000000000001,0.0,0.0,0.0,1.0,0.0,0.0,0.0,0.0,0.0,0.0,4480000
258,0.1642611683848797,0.4000000000000001,0.0,0.3333333333333333,0.3333333333333333,1.0,0.0,0.0,0.0,0.0,0.0,1.0,4480000
259,0.3237113402061855,0.2,0.0,0.0,0.3333333333333333,1.0,0.0,1.0,0.0,1.0,0.0,0.0,4473000
260,0.10391752577319588,0.4000000000000001,0.0,0.3333333333333333,0.3333333333333333,1.0,0.0,0.0,0.0,1.0,0.0,0.0,4473000
261,0.12783505154639174,0.4000000000000001,0.0,0.3333333333333333,0.0,1.0,0.0,0.0,0.0,0.0,0.0,1.0,4473000
262,0.14432989690721648,0.2,0.0,0.0,0.0,1.0,1.0,1.0,0.0,0.0,0.0,1.0,4445000
263,0.15931271477663228,0.4000000000000001,0.0,0.3333333333333333,0.0,0.0,0.0,0.0,0.0,0.0,0.0,1.0,4410000
264,0.2233676975945017,0.2,0.0,0.3333333333333333,0.0,1.0,0.0,1.0,0.0,0.0,0.0,1.0,4410000
265,0.08453608247422681,0.4000000000000001,0.0,0.3333333333333333,0.0,1.0,0.0,0.0,0.0,0.0,1.0,1.0,4403000
266,0.2219931271477663,0.4000000000000001,0.0,0.0,0.6666666666666666,1.0,0.0,0.0,0.0,0.0,1.0,2.0,4403000
267,0.2247422680412371,0.4000000000000001,0.0,0.3333333333333333,0.3333333333333333,1.0,0.0,0.0,0.0,0.0,0.0,1.0,4403000
268,0.22680412371134018,0.6000000000000001,0.0,0.3333333333333333,0.0,1.0,0.0,0.0,0.0,1.0,0.0,1.0,4382000
269,0.15463917525773196,0.4000000000000001,0.0,0.3333333333333333,0.0,1.0,0.0,0.0,0.0,0.0,0.0,2.0,4375000
270,0.19587628865979378,0.4000000000000001,0.3333333333333333,0.6666666666666667,0.3333333333333333,1.0,0.0,0.0,1.0,0.0,0.0,0.0,4340000
271,0.017525773195876282,0.8,0.0,0.3333333333333333,0.0,0.0,0.0,1.0,0.0,0.0,0.0,1.0,4340000
272,0.16666666666666669,0.4000000000000001,0.0,0.0,0.6666666666666666,1.0,1.0,1.0,0.0,0.0,0.0,1.0,4340000
273,0.12714776632302405,0.6000000000000001,0.0,0.3333333333333333,0.6666666666666666,1.0,0.0,0.0,0.0,0.0,0.0,0.0,4340000
274,0.32989690721649484,0.6000000000000001,0.0,0.3333333333333333,0.0,1.0,0.0,0.0,0.0,0.0,0.0,1.0,4340000
275,0.16371134020618555,0.2,0.0,0.0,0.0,1.0,0.0,1.0,0.0,0.0,0.0,0.0,4319000
276,0.18900343642611683,0.2,0.0,0.0,0.3333333333333333,1.0,0.0,0.0,0.0,0.0,0.0,1.0,4305000
277,0.5986254295532645,0.2,0.0,0.0,0.3333333333333333,1.0,0.0,0.0,0.0,0.0,1.0,1.0,4305000
278,0.12027491408934707,0.4000000000000001,0.0,0.3333333333333333,0.6666666666666666,1.0,0.0,1.0,0.0,0.0,1.0,1.0,4277000
279,0.3237113402061855,0.2,0.0,0.0,0.0,1.0,0.0,0.0,0.0,0.0,0.0,0.0,4270000
280,0.3237113402061855,0.2,0.0,0.3333333333333333,0.0,1.0,0.0,0.0,0.0,0.0,0.0,2.0,4270000
281,0.19587628865979378,0.2,0.0,0.0,0.6666666666666666,1.0,0.0,0.0,0.0,1.0,0.0,0.0,4270000
282,0.036082474226804134,0.4000000000000001,0.0,0.3333333333333333,0.0,0.0,1.0,1.0,0.0,1.0,0.0,2.0,4270000
283,0.18625429553264605,0.6000000000000001,0.0,0.3333333333333333,0.0,1.0,0.0,0.0,0.0,0.0,0.0,0.0,4270000
284,0.42061855670103093,0.2,0.0,0.0,0.3333333333333333,1.0,0.0,0.0,0.0,0.0,0.0,0.0,4270000
285,0.3436426116838488,0.4000000000000001,0.0,0.3333333333333333,0.0,1.0,1.0,0.0,0.0,0.0,0.0,1.0,4235000
286,0.07814432989690723,0.4000000000000001,0.0,0.0,0.0,1.0,0.0,1.0,0.0,0.0,1.0,0.0,4235000
287,0.2646048109965636,0.4000000000000001,0.0,0.3333333333333333,0.0,1.0,0.0,0.0,0.0,1.0,0.0,2.0,4200000
288,0.2329896907216495,0.4000000000000001,0.0,0.3333333333333333,0.0,1.0,0.0,1.0,0.0,1.0,0.0,2.0,4200000
289,0.28865979381443296,0.2,0.0,0.0,0.6666666666666666,1.0,1.0,1.0,0.0,0.0,0.0,1.0,4200000
290,0.06597938144329896,0.6000000000000001,0.6666666666666667,0.3333333333333333,0.0,0.0,0.0,0.0,0.0,0.0,0.0,1.0,4200000
291,0.089553264604811,0.4000000000000001,0.0,0.3333333333333333,0.0,1.0,0.0,1.0,0.0,1.0,0.0,2.0,4200000
292,0.07539518900343642,0.6000000000000001,0.3333333333333333,0.3333333333333333,0.0,0.0,0.0,0.0,0.0,0.0,0.0,1.0,4200000
293,0.18969072164948453,0.2,0.0,0.0,0.3333333333333333,0.0,0.0,0.0,0.0,0.0,0.0,2.0,4200000
294,0.16151202749140892,0.6000000000000001,0.3333333333333333,0.3333333333333333,0.0,0.0,0.0,0.0,0.0,0.0,0.0,1.0,4200000
295,0.04639175257731959,0.4000000000000001,0.0,0.3333333333333333,0.0,0.0,0.0,0.0,0.0,0.0,0.0,1.0,4200000
296,0.2027491408934708,0.4000000000000001,0.3333333333333333,0.3333333333333333,0.3333333333333333,1.0,0.0,0.0,0.0,1.0,0.0,1.0,4200000
297,0.13676975945017184,0.4000000000000001,0.3333333333333333,0.3333333333333333,0.0,1.0,0.0,1.0,0.0,0.0,0.0,2.0,4200000
298,0.2852233676975945,0.4000000000000001,0.0,0.0,0.6666666666666666,1.0,0.0,0.0,1.0,0.0,0.0,1.0,4200000
299,0.3676975945017182,0.4000000000000001,0.0,0.0,1.0,1.0,0.0,0.0,0.0,0.0,0.0,0.0,4200000
300,0.16694158075601373,0.4000000000000001,0.0,0.6666666666666667,0.0,1.0,0.0,0.0,0.0,0.0,0.0,1.0,4200000
301,0.12852233676975944,0.4000000000000001,0.0,0.3333333333333333,0.0,1.0,0.0,0.0,0.0,0.0,1.0,1.0,4200000
302,0.03402061855670102,0.4000000000000001,0.0,0.6666666666666667,0.3333333333333333,1.0,0.0,0.0,0.0,0.0,1.0,2.0,4200000
303,0.19587628865979378,0.4000000000000001,0.0,0.0,0.0,1.0,0.0,1.0,0.0,0.0,0.0,0.0,4200000
304,0.4536082474226804,0.4000000000000001,0.0,0.0,1.0,1.0,0.0,1.0,0.0,0.0,0.0,1.0,4193000
305,0.12371134020618557,0.4000000000000001,0.0,0.3333333333333333,0.3333333333333333,1.0,0.0,0.0,0.0,0.0,0.0,1.0,4193000
306,0.21924398625429553,0.4000000000000001,0.0,0.3333333333333333,0.3333333333333333,1.0,0.0,0.0,0.0,0.0,0.0,1.0,4165000
307,0.16701030927835053,0.4000000000000001,0.0,0.3333333333333333,0.6666666666666666,1.0,0.0,0.0,0.0,0.0,0.0,1.0,4165000
308,0.16467353951890035,0.4000000000000001,0.0,0.3333333333333333,0.3333333333333333,1.0,0.0,1.0,0.0,0.0,0.0,1.0,4165000
309,0.20494845360824743,0.6000000000000001,0.0,0.3333333333333333,0.0,1.0,0.0,0.0,0.0,1.0,0.0,1.0,4130000
310,0.2979381443298969,0.4000000000000001,0.0,0.0,0.0,1.0,0.0,1.0,0.0,0.0,0.0,1.0,4130000
311,0.3030927835051546,0.2,0.0,0.0,0.3333333333333333,1.0,0.0,1.0,0.0,0.0,0.0,1.0,4123000
312,0.13402061855670103,0.4000000000000001,0.0,0.0,0.0,1.0,0.0,1.0,0.0,1.0,1.0,0.0,4098500
313,0.13951890034364262,0.4000000000000001,0.3333333333333333,0.3333333333333333,0.0,1.0,0.0,0.0,0.0,0.0,0.0,1.0,4095000
314,0.1642611683848797,0.2,0.0,0.3333333333333333,0.3333333333333333,1.0,0.0,0.0,0.0,0.0,0.0,1.0,4095000
315,0.27147766323024053,0.2,0.0,0.0,0.0,1.0,0.0,0.0,0.0,1.0,0.0,1.0,4095000
316,0.29209621993127144,0.6000000000000001,0.3333333333333333,0.3333333333333333,0.3333333333333333,0.0,0.0,1.0,0.0,0.0,0.0,2.0,4060000
317,0.2296907216494845,0.4000000000000001,0.3333333333333333,0.3333333333333333,0.6666666666666666,1.0,0.0,0.0,0.0,0.0,0.0,2.0,4060000
318,0.18487972508591066,0.4000000000000001,0.0,0.0,0.0,1.0,0.0,0.0,0.0,0.0,0.0,1.0,4060000
319,0.09278350515463918,0.6000000000000001,0.0,0.6666666666666667,0.6666666666666666,1.0,0.0,1.0,0.0,1.0,0.0,1.0,4060000
320,0.18350515463917527,0.4000000000000001,0.0,0.3333333333333333,0.6666666666666666,1.0,0.0,0.0,0.0,0.0,1.0,0.0,4060000
321,0.1360824742268041,0.4000000000000001,0.3333333333333333,0.3333333333333333,0.6666666666666666,1.0,0.0,0.0,1.0,0.0,0.0,1.0,4025000
322,0.12439862542955327,0.4000000000000001,0.3333333333333333,0.0,0.3333333333333333,1.0,0.0,1.0,0.0,1.0,0.0,0.0,4025000
323,0.25773195876288657,0.4000000000000001,0.0,0.0,1.0,1.0,0.0,0.0,0.0,0.0,0.0,1.0,4025000
324,0.19587628865979378,0.4000000000000001,0.0,0.3333333333333333,0.0,0.0,0.0,1.0,0.0,1.0,0.0,1.0,4007500
325,0.12439862542955327,0.6000000000000001,0.0,0.3333333333333333,0.0,1.0,0.0,0.0,0.0,1.0,0.0,1.0,4007500
326,0.16838487972508592,0.6000000000000001,0.0,0.0,0.0,0.0,0.0,1.0,0.0,0.0,0.0,2.0,3990000
327,0.3319587628865979,0.4000000000000001,0.0,0.3333333333333333,0.3333333333333333,0.0,0.0,0.0,0.0,1.0,0.0,1.0,3990000
328,0.19587628865979378,0.4000000000000001,0.3333333333333333,0.3333333333333333,0.0,0.0,0.0,1.0,0.0,1.0,0.0,1.0,3990000
329,0.15876288659793814,0.4000000000000001,0.0,0.3333333333333333,0.0,1.0,0.0,0.0,0.0,0.0,0.0,0.0,3990000
330,0.1649484536082474,0.2,0.0,0.3333333333333333,0.0,1.0,1.0,1.0,0.0,0.0,1.0,2.0,3990000
331,0.3855670103092783,0.4000000000000001,0.3333333333333333,0.0,1.0,1.0,1.0,1.0,0.0,0.0,0.0,0.0,3920000
332,0.2646048109965636,0.6000000000000001,0.0,0.3333333333333333,0.0,1.0,1.0,1.0,0.0,0.0,0.0,1.0,3920000
333,0.09278350515463918,0.4000000000000001,0.0,0.3333333333333333,0.0,1.0,0.0,0.0,0.0,0.0,0.0,1.0,3920000
334,0.1127147766323024,0.2,0.0,0.0,0.3333333333333333,1.0,0.0,0.0,1.0,0.0,0.0,0.0,3920000
335,0.1488659793814433,0.2,0.0,0.0,0.6666666666666666,1.0,0.0,1.0,0.0,1.0,0.0,0.0,3920000
336,0.4419243986254295,0.4000000000000001,0.0,0.0,0.6666666666666666,1.0,0.0,0.0,0.0,1.0,0.0,1.0,3920000
337,0.03402061855670102,0.6000000000000001,0.3333333333333333,0.0,0.0,1.0,0.0,1.0,0.0,0.0,1.0,2.0,3920000
338,0.14639175257731957,0.2,0.0,0.3333333333333333,0.0,1.0,1.0,1.0,0.0,0.0,0.0,1.0,3885000
339,0.10515463917525772,0.6000000000000001,0.3333333333333333,0.3333333333333333,0.0,1.0,0.0,0.0,0.0,0.0,0.0,0.0,3885000
340,0.2508591065292096,0.8,0.3333333333333333,0.3333333333333333,0.0,1.0,0.0,0.0,0.0,0.0,0.0,1.0,3850000
341,0.10515463917525772,0.2,0.3333333333333333,0.0,0.6666666666666666,1.0,0.0,1.0,0.0,0.0,0.0,1.0,3850000
342,0.3781443298969072,0.4000000000000001,0.0,0.3333333333333333,0.0,1.0,0.0,0.0,0.0,1.0,0.0,0.0,3850000
343,0.16701030927835053,0.2,0.0,0.0,0.0,1.0,0.0,0.0,0.0,0.0,0.0,1.0,3850000
344,0.1512027491408935,0.2,0.0,0.0,0.0,1.0,0.0,0.0,0.0,0.0,0.0,1.0,3850000
345,0.025085910652920956,0.4000000000000001,0.0,0.3333333333333333,0.0,1.0,0.0,1.0,0.0,0.0,1.0,1.0,3850000
346,0.03615120274914091,0.2,0.0,0.3333333333333333,0.0,1.0,1.0,0.0,0.0,0.0,1.0,1.0,3850000
347,0.11683848797250859,0.4000000000000001,0.0,0.3333333333333333,0.0,1.0,0.0,0.0,0.0,0.0,0.0,2.0,3836000
348,0.10309278350515463,0.2,0.3333333333333333,0.0,0.0,0.0,0.0,1.0,0.0,0.0,0.0,1.0,3815000
349,0.21786941580756014,0.4000000000000001,0.0,0.3333333333333333,0.0,1.0,0.0,0.0,0.0,0.0,0.0,1.0,3780000
350,0.12164948453608246,0.2,0.0,0.3333333333333333,0.3333333333333333,1.0,0.0,0.0,1.0,0.0,0.0,1.0,3780000
351,0.13402061855670103,0.2,0.0,0.0,0.0,1.0,0.0,0.0,0.0,0.0,0.0,1.0,3780000
352,0.2872852233676976,0.2,0.0,0.0,0.6666666666666666,1.0,0.0,0.0,0.0,0.0,0.0,2.0,3780000
353,0.08288659793814432,0.4000000000000001,0.0,0.6666666666666667,0.0,1.0,0.0,0.0,0.0,0.0,1.0,0.0,3780000
354,0.46391752577319584,0.2,0.0,0.0,0.3333333333333333,1.0,0.0,0.0,0.0,0.0,0.0,0.0,3780000
355,0.4536082474226804,0.4000000000000001,0.0,0.0,0.6666666666666666,1.0,0.0,0.0,0.0,0.0,0.0,0.0,3773000
356,0.0597938144329897,0.8,0.3333333333333333,0.0,0.3333333333333333,0.0,0.0,1.0,0.0,1.0,0.0,0.0,3773000
357,0.3628865979381443,0.6000000000000001,0.0,0.3333333333333333,0.3333333333333333,0.0,0.0,0.0,0.0,0.0,0.0,0.0,3773000
358,0.12577319587628866,0.2,0.0,0.0,0.0,1.0,0.0,0.0,0.0,0.0,1.0,1.0,3745000
359,0.13402061855670103,0.4000000000000001,0.0,0.0,0.3333333333333333,1.0,0.0,0.0,0.0,0.0,0.0,2.0,3710000
360,0.1642611683848797,0.2,0.0,0.0,0.0,1.0,0.0,0.0,0.0,0.0,0.0,1.0,3710000
361,0.30034364261168384,0.4000000000000001,0.0,0.0,0.0,1.0,0.0,0.0,0.0,0.0,0.0,1.0,3710000
362,0.1649484536082474,0.2,0.0,0.0,0.0,1.0,0.0,0.0,0.0,0.0,0.0,0.0,3710000
363,0.1329209621993127,0.2,0.0,0.0,0.0,1.0,0.0,0.0,1.0,0.0,0.0,1.0,3710000
364,0.10103092783505155,0.4000000000000001,0.0,0.3333333333333333,0.0,0.0,0.0,1.0,1.0,0.0,0.0,1.0,3703000
365,0.26116838487972505,0.2,0.0,0.0,0.0,1.0,0.0,0.0,0.0,0.0,0.0,0.0,3703000
366,0.1360824742268041,0.2,0.0,0.0,0.0,1.0,0.0,1.0,0.0,0.0,0.0,0.0,3675000
367,0.1360824742268041,0.2,0.0,0.0,0.0,1.0,0.0,0.0,0.0,1.0,0.0,2.0,3675000
368,0.2742268041237113,0.2,0.0,0.0,0.0,0.0,0.0,0.0,0.0,0.0,0.0,1.0,3675000
369,0.13402061855670103,0.2,0.0,0.0,0.0,1.0,0.0,0.0,0.0,0.0,0.0,0.0,3675000
370,0.18075601374570444,0.2,0.0,0.0,0.6666666666666666,1.0,0.0,0.0,0.0,1.0,0.0,1.0,3640000
371,0.13195876288659794,0.4000000000000001,0.0,0.3333333333333333,0.0,1.0,0.0,1.0,0.0,0.0,0.0,1.0,3640000
372,0.10515463917525772,0.4000000000000001,0.0,0.3333333333333333,0.0,0.0,0.0,1.0,0.0,0.0,0.0,1.0,3640000
373,0.09278350515463918,0.2,0.0,0.3333333333333333,0.0,1.0,0.0,0.0,0.0,1.0,0.0,0.0,3640000
374,0.12852233676975944,0.2,0.3333333333333333,0.0,0.0,1.0,0.0,1.0,0.0,0.0,0.0,1.0,3640000
375,0.29621993127147767,0.4000000000000001,0.0,0.3333333333333333,0.0,1.0,1.0,1.0,0.0,0.0,0.0,2.0,3640000
376,0.170446735395189,0.4000000000000001,0.3333333333333333,0.3333333333333333,0.6666666666666666,1.0,0.0,0.0,0.0,0.0,0.0,1.0,3640000
377,0.0824742268041237,0.4000000000000001,0.3333333333333333,0.3333333333333333,0.0,0.0,0.0,1.0,0.0,0.0,1.0,2.0,3640000
378,0.042955326460481114,0.4000000000000001,0.0,0.6666666666666667,0.0,1.0,0.0,0.0,1.0,1.0,1.0,1.0,3640000
379,0.12852233676975944,0.4000000000000001,0.0,0.0,0.6666666666666666,1.0,0.0,0.0,0.0,0.0,1.0,2.0,3633000
380,0.19587628865979378,0.2,0.0,0.0,0.0,1.0,0.0,0.0,0.0,0.0,0.0,1.0,3605000
381,0.16151202749140892,0.2,0.0,0.0,0.0,1.0,0.0,0.0,0.0,0.0,1.0,1.0,3605000
382,0.10309278350515463,0.4000000000000001,0.0,0.3333333333333333,0.0,1.0,0.0,1.0,0.0,0.0,0.0,0.0,3570000
383,0.19587628865979378,0.6000000000000001,0.3333333333333333,0.3333333333333333,0.6666666666666666,1.0,0.0,1.0,0.0,0.0,0.0,0.0,3570000
384,0.19587628865979378,0.2,0.0,0.0,0.0,0.0,0.0,0.0,0.0,0.0,0.0,0.0,3570000
385,0.13676975945017184,0.2,0.0,0.0,0.0,1.0,0.0,0.0,0.0,0.0,0.0,2.0,3570000
386,0.1512027491408935,0.4000000000000001,0.0,0.0,0.6666666666666666,1.0,0.0,0.0,0.0,0.0,0.0,2.0,3535000
387,0.17800687285223366,0.4000000000000001,0.0,0.3333333333333333,0.0,1.0,0.0,0.0,0.0,1.0,0.0,1.0,3500000
388,0.13745704467353953,0.4000000000000001,0.0,0.3333333333333333,0.0,1.0,0.0,0.0,0.0,0.0,0.0,2.0,3500000
389,0.2027491408934708,0.6000000000000001,0.0,0.3333333333333333,0.0,1.0,0.0,0.0,0.0,0.0,0.0,1.0,3500000
390,0.033333333333333326,0.4000000000000001,0.3333333333333333,0.3333333333333333,0.0,0.0,0.0,0.0,0.0,0.0,0.0,2.0,3500000
391,0.09525773195876289,0.4000000000000001,0.0,0.3333333333333333,0.0,1.0,0.0,1.0,0.0,0.0,0.0,1.0,3500000
392,0.16082474226804122,0.4000000000000001,0.0,0.3333333333333333,0.0,1.0,0.0,0.0,0.0,0.0,0.0,1.0,3500000
393,0.3968384879725086,0.4000000000000001,0.0,0.0,0.0,0.0,0.0,0.0,0.0,0.0,0.0,2.0,3500000
394,0.12577319587628866,0.4000000000000001,0.0,0.0,0.0,0.0,0.0,0.0,0.0,1.0,0.0,2.0,3500000
395,0.13402061855670103,1.0000000000000002,0.0,0.3333333333333333,0.3333333333333333,1.0,0.0,0.0,0.0,0.0,0.0,2.0,3500000
396,0.13676975945017184,0.2,0.0,0.0,0.3333333333333333,1.0,0.0,0.0,0.0,0.0,0.0,1.0,3500000
397,0.29209621993127144,0.2,0.0,0.0,0.3333333333333333,1.0,0.0,0.0,0.0,0.0,0.0,0.0,3500000
398,0.10103092783505155,0.4000000000000001,0.0,0.3333333333333333,0.3333333333333333,1.0,0.0,0.0,0.0,0.0,0.0,2.0,3500000
399,0.3917525773195876,0.2,0.0,0.0,0.3333333333333333,1.0,0.0,0.0,0.0,0.0,0.0,1.0,3500000
400,0.1279725085910653,0.2,0.0,0.0,0.3333333333333333,1.0,0.0,0.0,0.0,0.0,1.0,2.0,3500000
401,0.5395189003436425,0.4000000000000001,0.0,0.3333333333333333,1.0,1.0,0.0,0.0,0.0,0.0,1.0,2.0,3500000
402,0.29072164948453605,0.2,0.0,0.0,0.0,1.0,0.0,0.0,0.0,0.0,0.0,2.0,3500000
403,0.7762199312714777,0.4000000000000001,0.0,0.0,0.0,1.0,0.0,0.0,0.0,0.0,0.0,2.0,3500000
404,0.2233676975945017,0.4000000000000001,0.0,0.3333333333333333,0.0,0.0,0.0,0.0,0.0,0.0,0.0,2.0,3493000
405,0.09690721649484535,0.4000000000000001,0.0,0.0,0.0,1.0,0.0,0.0,0.0,0.0,0.0,2.0,3465000
406,0.252233676975945,0.2,0.0,0.0,0.3333333333333333,1.0,0.0,0.0,0.0,0.0,1.0,2.0,3465000
407,0.03402061855670102,0.4000000000000001,0.0,0.6666666666666667,0.0,1.0,0.0,0.0,0.0,0.0,1.0,0.0,3465000
408,0.16151202749140892,0.2,0.0,0.0,0.0,1.0,0.0,0.0,0.0,0.0,0.0,2.0,3430000
409,0.10549828178694157,0.2,0.0,0.0,0.6666666666666666,1.0,0.0,0.0,0.0,0.0,0.0,2.0,3430000
410,0.1512027491408935,0.4000000000000001,0.0,0.0,0.0,1.0,0.0,0.0,0.0,0.0,0.0,2.0,3430000
411,0.03402061855670102,0.4000000000000001,0.0,0.6666666666666667,0.0,1.0,0.0,0.0,0.0,0.0,1.0,0.0,3430000
412,0.06597938144329896,0.4000000000000001,0.0,0.3333333333333333,0.0,1.0,0.0,1.0,0.0,0.0,1.0,2.0,3430000
413,0.020618556701030938,0.4000000000000001,0.3333333333333333,0.3333333333333333,0.0,1.0,0.0,1.0,0.0,0.0,1.0,2.0,3430000
414,0.1642611683848797,0.2,0.0,0.0,0.0,1.0,0.0,0.0,0.0,0.0,0.0,2.0,3423000
415,0.2154639175257732,0.4000000000000001,0.0,0.3333333333333333,0.3333333333333333,1.0,1.0,1.0,0.0,1.0,0.0,0.0,3395000
416,0.12371134020618557,0.4000000000000001,0.0,0.0,0.6666666666666666,1.0,0.0,1.0,0.0,0.0,0.0,2.0,3395000
417,0.13676975945017184,0.2,0.0,0.0,0.0,1.0,0.0,0.0,0.0,0.0,0.0,0.0,3395000
418,0.12714776632302405,0.6000000000000001,0.0,0.3333333333333333,0.6666666666666666,1.0,0.0,0.0,0.0,1.0,0.0,2.0,3360000
419,0.22749140893470787,0.6000000000000001,0.0,0.6666666666666667,0.0,0.0,0.0,0.0,0.0,0.0,0.0,1.0,3360000
420,0.1697594501718213,0.2,0.0,0.3333333333333333,0.0,1.0,0.0,0.0,0.0,0.0,0.0,2.0,3360000
421,0.21305841924398622,0.2,0.0,0.0,0.0,1.0,0.0,0.0,0.0,0.0,0.0,2.0,3360000
422,0.1422680412371134,0.2,0.0,0.0,0.0,0.0,0.0,0.0,0.0,1.0,0.0,2.0,3360000
423,0.14432989690721648,0.4000000000000001,0.0,0.0,0.0,1.0,0.0,0.0,0.0,0.0,0.0,2.0,3360000
424,0.09965635738831616,0.4000000000000001,0.0,0.3333333333333333,0.0,0.0,0.0,1.0,0.0,0.0,0.0,1.0,3360000
425,0.10549828178694157,0.2,0.0,0.0,0.6666666666666666,1.0,0.0,1.0,0.0,0.0,0.0,0.0,3360000
426,0.07216494845360824,0.4000000000000001,0.0,0.0,0.0,0.0,0.0,0.0,0.0,0.0,0.0,0.0,3353000
427,0.03402061855670102,0.4000000000000001,0.0,0.3333333333333333,0.0,1.0,0.0,1.0,0.0,0.0,1.0,0.0,3332000
428,0.1642611683848797,0.2,0.0,0.0,0.3333333333333333,1.0,0.0,0.0,0.0,0.0,0.0,2.0,3325000
429,0.2147766323024055,0.6000000000000001,0.0,0.3333333333333333,0.0,1.0,0.0,0.0,0.0,0.0,0.0,2.0,3325000
430,0.05841924398625428,0.2,0.0,0.0,0.0,0.0,0.0,0.0,0.0,1.0,0.0,2.0,3290000
431,0.10515463917525772,0.6000000000000001,0.0,0.3333333333333333,0.0,1.0,0.0,1.0,0.0,1.0,0.0,2.0,3290000
432,0.3030927835051546,0.4000000000000001,0.0,0.0,0.0,1.0,1.0,1.0,0.0,0.0,0.0,0.0,3290000
433,0.12577319587628866,0.6000000000000001,0.0,0.3333333333333333,0.3333333333333333,0.0,0.0,0.0,0.0,0.0,0.0,1.0,3290000
434,0.1472164948453608,0.6000000000000001,0.0,0.3333333333333333,0.0,1.0,0.0,0.0,0.0,0.0,0.0,1.0,3290000
435,0.1642611683848797,0.2,0.0,0.0,0.0,1.0,0.0,0.0,0.0,0.0,0.0,2.0,3290000
436,0.03402061855670102,0.4000000000000001,0.0,0.3333333333333333,0.0,1.0,0.0,1.0,0.0,0.0,1.0,0.0,3290000
437,0.29072164948453605,0.4000000000000001,0.0,0.0,0.3333333333333333,1.0,0.0,0.0,0.0,0.0,0.0,2.0,3290000
438,0.19587628865979378,0.2,0.0,0.0,0.0,0.0,0.0,0.0,0.0,0.0,0.0,1.0,3255000
439,0.15670103092783505,0.2,0.0,0.0,0.0,0.0,0.0,0.0,0.0,0.0,0.0,2.0,3255000
440,0.13676975945017184,0.6000000000000001,0.0,0.3333333333333333,0.0,1.0,0.0,1.0,0.0,0.0,0.0,2.0,3234000
441,0.18694158075601375,0.4000000000000001,0.0,0.3333333333333333,0.0,1.0,0.0,0.0,0.0,0.0,0.0,2.0,3220000
442,0.07106529209621992,0.2,0.0,0.0,0.3333333333333333,1.0,0.0,0.0,0.0,1.0,0.0,2.0,3220000
443,0.18350515463917527,0.4000000000000001,0.0,0.0,0.3333333333333333,0.0,0.0,0.0,0.0,0.0,0.0,2.0,3220000
444,0.10103092783505155,0.4000000000000001,0.0,0.3333333333333333,0.0,0.0,0.0,0.0,0.0,0.0,0.0,0.0,3220000
445,0.12371134020618557,0.0,0.0,0.0,0.0,1.0,0.0,0.0,0.0,0.0,0.0,0.0,3150000
446,0.16054982817869418,0.2,0.3333333333333333,0.0,0.3333333333333333,0.0,1.0,1.0,0.0,0.0,0.0,2.0,3150000
447,0.12714776632302405,0.2,0.0,0.0,0.0,0.0,0.0,1.0,0.0,0.0,0.0,1.0,3150000
448,0.16804123711340208,0.2,0.0,0.0,0.6666666666666666,1.0,0.0,0.0,0.0,0.0,0.0,1.0,3150000
449,0.0,0.4000000000000001,0.0,0.3333333333333333,0.0,0.0,0.0,1.0,0.0,0.0,0.0,2.0,3150000
450,0.12371134020618557,0.4000000000000001,0.0,0.3333333333333333,0.0,1.0,0.0,1.0,0.0,0.0,0.0,1.0,3150000
451,0.35051546391752575,0.2,0.0,0.0,0.0,1.0,0.0,0.0,0.0,0.0,0.0,1.0,3150000
452,0.5051546391752577,0.4000000000000001,0.0,0.3333333333333333,0.6666666666666666,1.0,0.0,0.0,0.0,0.0,0.0,1.0,3150000
453,0.0975257731958763,0.2,0.0,0.0,0.3333333333333333,1.0,0.0,0.0,0.0,0.0,0.0,2.0,3150000
454,0.19587628865979378,0.4000000000000001,0.0,0.3333333333333333,0.0,1.0,0.0,0.0,0.0,1.0,0.0,2.0,3143000
455,0.26426116838487973,0.4000000000000001,0.0,0.0,0.0,1.0,0.0,1.0,0.0,0.0,0.0,2.0,3129000
456,0.05140893470790378,0.4000000000000001,0.0,0.0,0.0,1.0,0.0,0.0,0.0,0.0,1.0,1.0,3118850
457,0.09278350515463918,0.4000000000000001,0.0,0.0,0.0,0.0,0.0,0.0,0.0,1.0,0.0,2.0,3115000
458,0.1512027491408935,0.4000000000000001,0.0,0.3333333333333333,0.0,1.0,0.0,0.0,0.0,0.0,0.0,2.0,3115000
459,0.12714776632302405,0.2,0.0,0.0,0.0,1.0,0.0,0.0,0.0,0.0,0.0,2.0,3115000
460,0.4432989690721649,0.2,0.0,0.0,0.3333333333333333,1.0,0.0,0.0,0.0,0.0,0.0,2.0,3087000
461,0.22749140893470787,0.2,0.0,0.0,0.0,1.0,0.0,1.0,0.0,1.0,0.0,2.0,3080000
462,0.03505154639175259,0.4000000000000001,0.0,0.3333333333333333,0.0,0.0,0.0,1.0,0.0,0.0,0.0,1.0,3080000
463,0.09896907216494846,0.2,0.0,0.0,0.0,1.0,1.0,1.0,0.0,0.0,0.0,2.0,3080000
464,0.19587628865979378,0.2,0.0,0.3333333333333333,0.3333333333333333,1.0,0.0,0.0,1.0,0.0,0.0,1.0,3080000
465,0.14776632302405496,0.2,0.0,0.0,0.0,1.0,0.0,0.0,0.0,0.0,0.0,2.0,3045000
466,0.09896907216494846,0.4000000000000001,0.0,0.3333333333333333,0.0,0.0,0.0,0.0,0.0,0.0,0.0,1.0,3010000
467,0.10927835051546392,0.4000000000000001,0.0,0.3333333333333333,0.6666666666666666,1.0,0.0,0.0,0.0,0.0,0.0,1.0,3010000
468,0.08144329896907215,0.2,0.0,0.0,0.0,1.0,0.0,0.0,0.0,0.0,0.0,1.0,3010000
469,0.2027491408934708,0.2,0.0,0.0,0.0,1.0,0.0,0.0,0.0,0.0,0.0,0.0,3010000
470,0.23546391752577317,0.4000000000000001,0.0,0.0,0.0,0.0,0.0,0.0,0.0,0.0,0.0,2.0,3010000
471,0.14432989690721648,0.4000000000000001,0.0,0.3333333333333333,0.0,1.0,0.0,0.0,0.0,0.0,0.0,2.0,3010000
472,0.1360824742268041,0.6000000000000001,0.0,0.3333333333333333,1.0,1.0,0.0,0.0,0.0,0.0,0.0,1.0,3010000
473,0.4398625429553264,0.2,0.0,0.0,0.0,1.0,0.0,0.0,0.0,0.0,0.0,2.0,3003000
474,0.1857044673539519,0.6000000000000001,0.0,0.3333333333333333,0.3333333333333333,0.0,0.0,0.0,0.0,0.0,0.0,2.0,2975000
475,0.09278350515463918,0.2,0.0,0.3333333333333333,0.0,1.0,0.0,0.0,0.0,0.0,0.0,1.0,2961000
476,0.28865979381443296,0.4000000000000001,0.0,0.3333333333333333,0.3333333333333333,1.0,0.0,1.0,0.0,0.0,0.0,2.0,2940000
477,0.22749140893470787,0.2,0.0,0.0,0.0,1.0,0.0,0.0,0.0,0.0,0.0,2.0,2940000
478,0.13402061855670103,0.4000000000000001,0.0,0.3333333333333333,0.3333333333333333,0.0,0.0,0.0,0.0,0.0,0.0,2.0,2940000
479,0.13814432989690723,0.6000000000000001,0.0,0.3333333333333333,0.0,0.0,0.0,0.0,0.0,0.0,0.0,2.0,2940000
480,0.12577319587628866,0.4000000000000001,0.0,0.3333333333333333,0.3333333333333333,0.0,0.0,0.0,0.0,0.0,0.0,1.0,2940000
481,0.07216494845360824,0.2,0.0,0.0,0.0,0.0,0.0,0.0,0.0,0.0,0.0,0.0,2940000
482,0.10309278350515463,0.4000000000000001,0.0,0.3333333333333333,0.0,0.0,0.0,0.0,0.0,0.0,0.0,2.0,2940000
483,0.3412371134020618,0.4000000000000001,0.0,0.3333333333333333,0.0,1.0,0.0,0.0,0.0,0.0,0.0,1.0,2940000
484,0.09553264604810996,0.2,0.0,0.0,0.0,0.0,0.0,0.0,0.0,0.0,0.0,2.0,2870000
485,0.1360824742268041,0.2,0.0,0.0,0.0,1.0,0.0,0.0,0.0,0.0,0.0,2.0,2870000
486,0.29896907216494845,0.2,0.0,0.0,0.0,1.0,0.0,0.0,0.0,0.0,0.0,1.0,2870000
487,0.25773195876288657,0.6000000000000001,0.0,0.3333333333333333,0.0,1.0,0.0,0.0,0.0,0.0,0.0,2.0,2870000
488,0.2439862542955326,0.6000000000000001,0.0,0.6666666666666667,0.0,1.0,0.0,0.0,0.0,0.0,0.0,2.0,2852500
489,0.11340206185567009,0.4000000000000001,0.0,0.3333333333333333,0.3333333333333333,0.0,0.0,0.0,0.0,0.0,0.0,1.0,2835000
490,0.18556701030927836,0.4000000000000001,0.0,0.3333333333333333,0.3333333333333333,0.0,0.0,0.0,1.0,0.0,0.0,2.0,2835000
491,0.06804123711340207,0.2,0.0,0.0,0.3333333333333333,0.0,0.0,0.0,0.0,0.0,0.0,0.0,2835000
492,0.06872852233676977,0.4000000000000001,0.0,0.3333333333333333,0.3333333333333333,1.0,0.0,1.0,0.0,0.0,0.0,2.0,2800000
493,0.15876288659793814,0.4000000000000001,0.0,0.0,0.0,1.0,0.0,0.0,0.0,0.0,0.0,0.0,2800000
494,0.3539518900343642,0.2,0.0,0.0,0.0,1.0,0.0,0.0,0.0,0.0,0.0,2.0,2730000
495,0.16151202749140892,0.4000000000000001,0.0,0.3333333333333333,0.3333333333333333,1.0,0.0,0.0,0.0,0.0,0.0,2.0,2730000
496,0.16151202749140892,0.2,0.0,0.0,0.0,1.0,0.0,0.0,0.0,0.0,0.0,2.0,2695000
497,0.15697594501718215,0.2,0.0,0.0,0.0,1.0,0.0,0.0,0.0,0.0,0.0,2.0,2660000
498,0.024054982817869414,0.2,0.0,0.3333333333333333,0.0,1.0,0.0,0.0,0.0,0.0,0.0,1.0,2660000
499,0.1360824742268041,0.4000000000000001,0.6666666666666667,0.3333333333333333,0.0,0.0,1.0,0.0,0.0,0.0,0.0,2.0,2660000
500,0.07903780068728522,0.4000000000000001,0.0,0.0,0.0,1.0,0.0,0.0,0.0,0.0,0.0,2.0,2660000
501,0.053608247422680416,0.4000000000000001,0.0,0.0,0.0,0.0,0.0,0.0,0.0,0.0,0.0,2.0,2660000
502,0.12577319587628866,0.2,0.0,0.0,0.3333333333333333,1.0,0.0,0.0,0.0,0.0,0.0,1.0,2660000
503,0.16151202749140892,0.4000000000000001,0.0,0.0,0.0,1.0,0.0,0.0,0.0,0.0,0.0,1.0,2660000
504,0.10549828178694157,0.2,0.0,0.0,0.0,1.0,0.0,0.0,0.0,1.0,0.0,2.0,2653000
505,0.16151202749140892,0.4000000000000001,0.0,0.3333333333333333,0.0,1.0,0.0,0.0,0.0,1.0,0.0,2.0,2653000
506,0.0865979381443299,0.2,0.0,0.0,0.0,0.0,0.0,0.0,0.0,0.0,0.0,2.0,2604000
507,0.13402061855670103,0.2,0.0,0.0,0.0,1.0,0.0,0.0,0.0,0.0,0.0,2.0,2590000
508,0.18900343642611683,0.2,0.0,0.0,0.0,1.0,0.0,0.0,0.0,0.0,0.0,2.0,2590000
509,0.13402061855670103,0.2,0.3333333333333333,0.3333333333333333,0.3333333333333333,1.0,0.0,1.0,0.0,0.0,0.0,0.0,2590000
510,0.08453608247422681,0.4000000000000001,0.0,0.0,0.0,0.0,0.0,0.0,0.0,0.0,0.0,2.0,2520000
511,0.10515463917525772,0.4000000000000001,0.0,0.0,0.0,0.0,0.0,0.0,0.0,0.0,0.0,2.0,2520000
512,0.09278350515463918,0.2,0.0,0.3333333333333333,0.0,1.0,0.0,0.0,0.0,0.0,0.0,0.0,2520000
513,0.18900343642611683,0.4000000000000001,0.0,0.3333333333333333,0.0,1.0,0.0,0.0,0.0,0.0,0.0,2.0,2485000
514,0.09278350515463918,0.4000000000000001,0.0,0.3333333333333333,0.0,0.0,0.0,0.0,0.0,0.0,0.0,1.0,2485000
515,0.10721649484536083,0.4000000000000001,0.0,0.3333333333333333,0.0,1.0,0.0,1.0,0.0,0.0,0.0,2.0,2450000
516,0.10927835051546392,0.2,0.0,0.0,0.3333333333333333,0.0,1.0,0.0,0.0,0.0,0.0,2.0,2450000
517,0.09278350515463918,0.2,0.0,0.0,0.3333333333333333,1.0,0.0,0.0,0.0,0.0,0.0,2.0,2450000
518,0.12714776632302405,0.2,0.0,0.0,0.0,1.0,1.0,0.0,0.0,0.0,0.0,2.0,2450000
519,0.21924398625429553,0.2,0.0,0.3333333333333333,0.0,1.0,0.0,0.0,0.0,0.0,0.0,2.0,2450000
520,0.41580756013745707,0.2,0.0,0.0,0.0,1.0,0.0,0.0,0.0,0.0,0.0,2.0,2450000
521,0.13642611683848796,0.2,0.0,0.0,0.0,0.0,0.0,0.0,0.0,0.0,0.0,2.0,2408000
522,0.056701030927835044,0.4000000000000001,0.0,0.3333333333333333,0.0,1.0,0.0,0.0,0.0,0.0,0.0,0.0,2380000
523,0.07814432989690723,0.6000000000000001,0.3333333333333333,0.3333333333333333,0.0,1.0,0.0,0.0,0.0,0.0,0.0,0.0,2380000
524,0.11092783505154638,0.2,0.0,0.0,0.0,1.0,0.0,0.0,0.0,0.0,0.0,2.0,2380000
525,0.13676975945017184,0.2,0.0,0.0,0.0,1.0,0.0,0.0,0.0,0.0,0.0,2.0,2345000
526,0.10515463917525772,0.2,0.0,0.0,0.0,1.0,0.0,0.0,0.0,0.0,0.0,2.0,2310000
527,0.012783505154639191,0.2,0.0,0.0,0.0,0.0,0.0,1.0,0.0,0.0,0.0,1.0,2275000
528,0.15945017182130583,0.0,0.0,0.0,0.0,0.0,0.0,0.0,0.0,0.0,0.0,2.0,2275000
529,0.15945017182130583,0.4000000000000001,0.0,0.3333333333333333,0.0,1.0,0.0,1.0,0.0,0.0,0.0,2.0,2275000
530,0.020618556701030938,0.4000000000000001,0.0,0.0,0.0,0.0,0.0,0.0,1.0,0.0,0.0,2.0,2240000
531,0.2508591065292096,0.4000000000000001,0.0,0.0,0.0,0.0,0.0,0.0,0.0,1.0,1.0,2.0,2233000
532,0.09278350515463918,0.2,0.0,0.0,0.0,0.0,0.0,0.0,0.0,0.0,0.0,2.0,2135000
533,0.05154639175257733,0.4000000000000001,0.0,0.3333333333333333,0.0,1.0,0.0,0.0,0.0,0.0,0.0,2.0,2100000
534,0.09278350515463918,0.6000000000000001,0.0,0.3333333333333333,0.0,1.0,0.0,0.0,0.0,0.0,0.0,2.0,2100000
535,0.11752577319587629,0.2,0.0,0.0,0.3333333333333333,1.0,0.0,0.0,0.0,0.0,0.0,2.0,2100000
536,0.12164948453608246,0.8,0.0,0.3333333333333333,0.0,0.0,0.0,0.0,0.0,0.0,0.0,2.0,1960000
537,0.0034364261168384896,0.4000000000000001,0.0,0.3333333333333333,0.0,1.0,0.0,0.0,0.0,0.0,0.0,2.0,1890000
538,0.13738831615120273,0.2,0.0,0.0,0.0,1.0,0.0,0.0,0.0,0.0,0.0,2.0,1890000
539,0.09209621993127148,0.2,0.0,0.0,0.3333333333333333,0.0,0.0,0.0,0.0,0.0,0.0,2.0,1855000
540,0.09278350515463918,0.2,0.0,0.0,0.6666666666666666,1.0,0.0,1.0,0.0,0.0,0.0,2.0,1820000
541,0.05154639175257733,0.4000000000000001,0.0,0.0,0.0,0.0,0.0,0.0,0.0,0.0,0.0,1.0,1767150
542,0.13539518900343642,0.2,0.0,0.0,0.0,1.0,0.0,0.0,0.0,0.0,0.0,2.0,1750000
543,0.0865979381443299,0.4000000000000001,0.0,0.0,0.0,0.0,0.0,0.0,0.0,0.0,0.0,0.0,1750000
544,0.1512027491408935,0.4000000000000001,0.0,0.3333333333333333,0.0,1.0,0.0,0.0,0.0,0.0,0.0,2.0,1750000
